{
	"Gate Swap" : [],
	"Ref Des" : [],
	"Pin Swap" : [],
	"Component Property" : [],
	"Net Property" : [],
	"Pin Property" : [],
	"Component" : [
		{
			"Name" : "C3",
			"C_PATH" : "@mosfet_hbridge.schematic1(sch_1):ins21817@orcadcaptureolb.\\mkp1839410084hq.normal\\(sch_1)",
			"Logical" : null,
			"Physical" : "C3"
		},
		{
			"Name" : "C4",
			"C_PATH" : "@mosfet_hbridge.schematic1(sch_1):ins21919@orcadcaptureolb.\\mkp1839410084hq.normal\\(sch_1)",
			"Logical" : null,
			"Physical" : "C4"
		},
		{
			"Name" : "C5",
			"C_PATH" : "@mosfet_hbridge.schematic1(sch_1):ins25509@orcadcaptureolb.\\mkp1839410084hq.normal\\(sch_1)",
			"Logical" : null,
			"Physical" : "C5"
		},
		{
			"Name" : "C6",
			"C_PATH" : "@mosfet_hbridge.schematic1(sch_1):ins25754@orcadcaptureolb.\\mkp1839410084hq.normal\\(sch_1)",
			"Logical" : null,
			"Physical" : "C6"
		},
		{
			"Name" : "D2",
			"C_PATH" : "@mosfet_hbridge.schematic1(sch_1):ins9041@discrete.\\diode.normal\\(chips)",
			"Logical" : null,
			"Physical" : "D2"
		},
		{
			"Name" : "D3",
			"C_PATH" : "@mosfet_hbridge.schematic1(sch_1):ins27344@discrete.\\led.normal\\(chips)",
			"Logical" : null,
			"Physical" : "D3"
		},
		{
			"Name" : "D4",
			"C_PATH" : "@mosfet_hbridge.schematic1(sch_1):ins27718@discrete.\\led.normal\\(chips)",
			"Logical" : null,
			"Physical" : "D4"
		},
		{
			"Name" : "J1",
			"C_PATH" : "@mosfet_hbridge.schematic1(sch_1):ins24902@mosfet_hbridge.\\b_jack_6.normal\\(chips)",
			"Logical" : null,
			"Physical" : "J1"
		},
		{
			"Name" : "M1",
			"C_PATH" : "@mosfet_hbridge.schematic1(sch_1):ins9105@mosfet_hbridge.\\mosfet_ls_1.normal\\(chips)",
			"Logical" : null,
			"Physical" : "M1"
		},
		{
			"Name" : "PCND1",
			"C_PATH" : "@mosfet_hbridge.schematic1(sch_1):ins26523@mosfet_hbridge.\\pic18f57q10_18.normal\\(chips)",
			"Logical" : null,
			"Physical" : "PCND1"
		},
		{
			"Name" : "R1",
			"C_PATH" : "@mosfet_hbridge.schematic1(sch_1):ins8909@discrete.\\resistor.normal\\(chips)",
			"Logical" : null,
			"Physical" : "R1"
		},
		{
			"Name" : "R11",
			"C_PATH" : "@mosfet_hbridge.schematic1(sch_1):ins50150@discrete.\\resistor.normal\\(chips)",
			"Logical" : null,
			"Physical" : "R11"
		},
		{
			"Name" : "R13",
			"C_PATH" : "@mosfet_hbridge.schematic1(sch_1):ins50282@discrete.\\resistor.normal\\(chips)",
			"Logical" : null,
			"Physical" : "R13"
		},
		{
			"Name" : "R15",
			"C_PATH" : "@mosfet_hbridge.schematic1(sch_1):ins50375@discrete.\\resistor.normal\\(chips)",
			"Logical" : null,
			"Physical" : "R15"
		},
		{
			"Name" : "R4",
			"C_PATH" : "@mosfet_hbridge.schematic1(sch_1):ins25928@discrete.\\resistor.normal\\(chips)",
			"Logical" : null,
			"Physical" : "R4"
		},
		{
			"Name" : "R6",
			"C_PATH" : "@mosfet_hbridge.schematic1(sch_1):ins27099@discrete.\\resistor.normal\\(chips)",
			"Logical" : null,
			"Physical" : "R6"
		},
		{
			"Name" : "R7",
			"C_PATH" : "@mosfet_hbridge.schematic1(sch_1):ins27301@discrete.\\resistor.normal\\(chips)",
			"Logical" : null,
			"Physical" : "R7"
		},
		{
			"Name" : "R8",
			"C_PATH" : "@mosfet_hbridge.schematic1(sch_1):ins27698@discrete.\\resistor.normal\\(chips)",
			"Logical" : null,
			"Physical" : "R8"
		},
		{
			"Name" : "R14",
			"C_PATH" : "@mosfet_hbridge.schematic1(sch_1):ins50359@discrete.\\resistor var 2.normal\\(chips)",
			"Logical" : null,
			"Physical" : "R14"
		},
		{
			"Name" : "R2",
			"C_PATH" : "@mosfet_hbridge.schematic1(sch_1):ins8591@discrete.\\resistor.normal\\(chips)",
			"Logical" : null,
			"Physical" : "R2"
		},
		{
			"Name" : "R3",
			"C_PATH" : "@mosfet_hbridge.schematic1(sch_1):ins9143@discrete.\\resistor.normal\\(chips)",
			"Logical" : null,
			"Physical" : "R3"
		},
		{
			"Name" : "R9",
			"C_PATH" : "@mosfet_hbridge.schematic1(sch_1):ins28078@discrete.\\pot.normal\\(chips)",
			"Logical" : null,
			"Physical" : "R9"
		},
		{
			"Name" : "SW1",
			"C_PATH" : "@mosfet_hbridge.schematic1(sch_1):ins8889@mosfet_hbridge.\\sw dpst_0.normal\\(chips)",
			"Logical" : null,
			"Physical" : "SW1"
		},
		{
			"Name" : "SW2",
			"C_PATH" : "@mosfet_hbridge.schematic1(sch_1):ins8607@mosfet_hbridge.\\sw dpst_0.normal\\(chips)",
			"Logical" : null,
			"Physical" : "SW2"
		},
		{
			"Name" : "SW3",
			"C_PATH" : "@mosfet_hbridge.schematic1(sch_1):ins9085@mosfet_hbridge.\\sw dpst_0.normal\\(chips)",
			"Logical" : null,
			"Physical" : "SW3"
		},
		{
			"Name" : "SW4",
			"C_PATH" : "@mosfet_hbridge.schematic1(sch_1):ins27148@mosfet_hbridge.\\sw dpst_0.normal\\(chips)",
			"Logical" : null,
			"Physical" : "SW4"
		},
		{
			"Name" : "U7",
			"C_PATH" : "@mosfet_hbridge.schematic1(sch_1):ins49424@mosfet_hbridge.\\mcp6004_0.normal\\(chips)",
			"Logical" : null,
			"Physical" : "U7"
		},
		{
			"Name" : "U3",
			"C_PATH" : "@mosfet_hbridge.schematic1(sch_1):ins8711@mosfet_hbridge.\\hbridge_ls_3.normal\\(chips)",
			"Logical" : null,
			"Physical" : "U3"
		},
		{
			"Name" : "U4",
			"C_PATH" : "@mosfet_hbridge.schematic1(sch_1):ins8945@mosfet_hbridge.\\motor_dc_0.normal\\(chips)",
			"Logical" : null,
			"Physical" : "U4"
		},
		{
			"Name" : "U5",
			"C_PATH" : "@mosfet_hbridge.schematic1(sch_1):ins9021@mosfet_hbridge.\\motor_dc_0.normal\\(chips)",
			"Logical" : null,
			"Physical" : "U5"
		},
		{
			"Name" : "U6",
			"C_PATH" : "@mosfet_hbridge.schematic1(sch_1):ins25229@mosfet_hbridge.\\vr_ls_11.normal\\(chips)",
			"Logical" : null,
			"Physical" : "U6"
		}
	],
	"Net" : [
		{
			"Name" : "N25637",
			"C_PATH" : "@mosfet_hbridge.schematic1(sch_1):n25637",
			"Logical" : null,
			"Physical" : "N25637"
		},
		{
			"Name" : "N27716",
			"C_PATH" : "@mosfet_hbridge.schematic1(sch_1):n27716",
			"Logical" : null,
			"Physical" : "N27716"
		},
		{
			"Name" : "N27326",
			"C_PATH" : "@mosfet_hbridge.schematic1(sch_1):n27326",
			"Logical" : null,
			"Physical" : "N27326"
		},
		{
			"Name" : "N27271",
			"C_PATH" : "@mosfet_hbridge.schematic1(sch_1):n27271",
			"Logical" : null,
			"Physical" : "N27271"
		},
		{
			"Name" : "N27168",
			"C_PATH" : "@mosfet_hbridge.schematic1(sch_1):n27168",
			"Logical" : null,
			"Physical" : "N27168"
		},
		{
			"Name" : "N27086",
			"C_PATH" : "@mosfet_hbridge.schematic1(sch_1):n27086",
			"Logical" : null,
			"Physical" : "N27086"
		},
		{
			"Name" : "+5V",
			"C_PATH" : "@mosfet_hbridge.schematic1(sch_1):\\+5v\\",
			"Logical" : null,
			"Physical" : "+5V"
		},
		{
			"Name" : "VSS",
			"C_PATH" : "@mosfet_hbridge.schematic1(sch_1):vss",
			"Logical" : null,
			"Physical" : "VSS"
		},
		{
			"Name" : "N50169",
			"C_PATH" : "@mosfet_hbridge.schematic1(sch_1):n50169",
			"Logical" : null,
			"Physical" : "N50169"
		},
		{
			"Name" : "N50353",
			"C_PATH" : "@mosfet_hbridge.schematic1(sch_1):n50353",
			"Logical" : null,
			"Physical" : "N50353"
		},
		{
			"Name" : "N50243",
			"C_PATH" : "@mosfet_hbridge.schematic1(sch_1):n50243",
			"Logical" : null,
			"Physical" : "N50243"
		},
		{
			"Name" : "N50132",
			"C_PATH" : "@mosfet_hbridge.schematic1(sch_1):n50132",
			"Logical" : null,
			"Physical" : "N50132"
		},
		{
			"Name" : "N50111",
			"C_PATH" : "@mosfet_hbridge.schematic1(sch_1):n50111",
			"Logical" : null,
			"Physical" : "N50111"
		},
		{
			"Name" : "N28241",
			"C_PATH" : "@mosfet_hbridge.schematic1(sch_1):n28241",
			"Logical" : null,
			"Physical" : "N28241"
		},
		{
			"Name" : "N33631",
			"C_PATH" : "@mosfet_hbridge.schematic1(sch_1):n33631",
			"Logical" : null,
			"Physical" : "N33631"
		},
		{
			"Name" : "N25780",
			"C_PATH" : "@mosfet_hbridge.schematic1(sch_1):n25780",
			"Logical" : null,
			"Physical" : "N25780"
		},
		{
			"Name" : "N25134",
			"C_PATH" : "@mosfet_hbridge.schematic1(sch_1):n25134",
			"Logical" : null,
			"Physical" : "N25134"
		},
		{
			"Name" : "N36096",
			"C_PATH" : "@mosfet_hbridge.schematic1(sch_1):n36096",
			"Logical" : null,
			"Physical" : "N36096"
		},
		{
			"Name" : "N27696",
			"C_PATH" : "@mosfet_hbridge.schematic1(sch_1):n27696",
			"Logical" : null,
			"Physical" : "N27696"
		},
		{
			"Name" : "N09129",
			"C_PATH" : "@mosfet_hbridge.schematic1(sch_1):n09129",
			"Logical" : null,
			"Physical" : "N09129"
		},
		{
			"Name" : "N08991",
			"C_PATH" : "@mosfet_hbridge.schematic1(sch_1):n08991",
			"Logical" : null,
			"Physical" : "N08991"
		},
		{
			"Name" : "N08645",
			"C_PATH" : "@mosfet_hbridge.schematic1(sch_1):n08645",
			"Logical" : null,
			"Physical" : "N08645"
		},
		{
			"Name" : "N08879",
			"C_PATH" : "@mosfet_hbridge.schematic1(sch_1):n08879",
			"Logical" : null,
			"Physical" : "N08879"
		},
		{
			"Name" : "0",
			"C_PATH" : "@mosfet_hbridge.schematic1(sch_1):\\0\\",
			"Logical" : null,
			"Physical" : "0"
		},
		{
			"Name" : "N08705",
			"C_PATH" : "@mosfet_hbridge.schematic1(sch_1):n08705",
			"Logical" : null,
			"Physical" : "N08705"
		},
		{
			"Name" : "N08987",
			"C_PATH" : "@mosfet_hbridge.schematic1(sch_1):n08987",
			"Logical" : null,
			"Physical" : "N08987"
		},
		{
			"Name" : "N09063",
			"C_PATH" : "@mosfet_hbridge.schematic1(sch_1):n09063",
			"Logical" : null,
			"Physical" : "N09063"
		},
		{
			"Name" : "N08709",
			"C_PATH" : "@mosfet_hbridge.schematic1(sch_1):n08709",
			"Logical" : null,
			"Physical" : "N08709"
		},
		{
			"Name" : "N08629",
			"C_PATH" : "@mosfet_hbridge.schematic1(sch_1):n08629",
			"Logical" : null,
			"Physical" : "N08629"
		}
	],
	"Connection" : []
}
