{
	"Gate Swap" : [],
	"Ref Des" : [],
	"Pin Swap" : [],
	"Component Property" : [],
	"Net Property" : [],
	"Pin Property" : [],
	"Component" : [
		{
			"Name" : "J3",
			"C_PATH" : "@mosfet_hbridge.schematic1(sch_1):ins57001@connector.\\con1.normal\\(chips)",
			"Logical" : null,
			"Physical" : "J3"
		},
		{
			"Name" : "J4",
			"C_PATH" : "@mosfet_hbridge.schematic1(sch_1):ins57025@connector.\\con1.normal\\(chips)",
			"Logical" : null,
			"Physical" : "J4"
		},
		{
			"Name" : "J5",
			"C_PATH" : "@mosfet_hbridge.schematic1(sch_1):ins57071@connector.\\con1.normal\\(chips)",
			"Logical" : null,
			"Physical" : "J5"
		},
		{
			"Name" : "J6",
			"C_PATH" : "@mosfet_hbridge.schematic1(sch_1):ins57162@connector.\\con1.normal\\(chips)",
			"Logical" : null,
			"Physical" : "J6"
		},
		{
			"Name" : "R16",
			"C_PATH" : "@mosfet_hbridge.schematic1(sch_1):ins55839@discrete.\\resistor.normal\\(chips)",
			"Logical" : null,
			"Physical" : "R16"
		},
		{
			"Name" : "J10",
			"C_PATH" : "@mosfet_hbridge.schematic1(sch_1):ins85164@connector.\\con1.normal\\(chips)",
			"Logical" : "J10",
			"Physical" : null
		},
		{
			"Name" : "J11",
			"C_PATH" : "@mosfet_hbridge.schematic1(sch_1):ins85198@connector.\\con1.normal\\(chips)",
			"Logical" : "J11",
			"Physical" : null
		},
		{
			"Name" : "J12",
			"C_PATH" : "@mosfet_hbridge.schematic1(sch_1):ins85233@connector.\\con1.normal\\(chips)",
			"Logical" : "J12",
			"Physical" : null
		},
		{
			"Name" : "J13",
			"C_PATH" : "@mosfet_hbridge.schematic1(sch_1):ins85273@connector.\\con1.normal\\(chips)",
			"Logical" : "J13",
			"Physical" : null
		},
		{
			"Name" : "J9",
			"C_PATH" : "@mosfet_hbridge.schematic1(sch_1):ins85094@connector.\\con1.normal\\(chips)",
			"Logical" : "J9",
			"Physical" : null
		},
		{
			"Name" : "U11",
			"C_PATH" : "@mosfet_hbridge.schematic1(sch_1):ins84595@library1.\\8pin_ribbon_cable.normal\\(chips)",
			"Logical" : "U11",
			"Physical" : null
		}
	],
	"Net" : [
		{
			"Name" : "N76022",
			"C_PATH" : "@mosfet_hbridge.schematic1(sch_1):n76022",
			"Logical" : null,
			"Physical" : "N76022"
		},
		{
			"Name" : "N71369",
			"C_PATH" : "@mosfet_hbridge.schematic1(sch_1):n71369",
			"Logical" : null,
			"Physical" : "N71369"
		},
		{
			"Name" : "N69685",
			"C_PATH" : "@mosfet_hbridge.schematic1(sch_1):n69685",
			"Logical" : null,
			"Physical" : "N69685"
		},
		{
			"Name" : "N55695",
			"C_PATH" : "@mosfet_hbridge.schematic1(sch_1):n55695",
			"Logical" : null,
			"Physical" : "N55695"
		},
		{
			"Name" : "N59715",
			"C_PATH" : "@mosfet_hbridge.schematic1(sch_1):n59715",
			"Logical" : null,
			"Physical" : "N59715"
		},
		{
			"Name" : "N57125",
			"C_PATH" : "@mosfet_hbridge.schematic1(sch_1):n57125",
			"Logical" : null,
			"Physical" : "N57125"
		},
		{
			"Name" : "N79514",
			"C_PATH" : "@mosfet_hbridge.schematic1(sch_1):n79514",
			"Logical" : null,
			"Physical" : "N79514"
		},
		{
			"Name" : "N84635",
			"C_PATH" : "@mosfet_hbridge.schematic1(sch_1):n84635",
			"Logical" : "N84635",
			"Physical" : null
		},
		{
			"Name" : "N84692",
			"C_PATH" : "@mosfet_hbridge.schematic1(sch_1):n84692",
			"Logical" : "N84692",
			"Physical" : null
		},
		{
			"Name" : "N84719",
			"C_PATH" : "@mosfet_hbridge.schematic1(sch_1):n84719",
			"Logical" : "N84719",
			"Physical" : null
		},
		{
			"Name" : "N84758",
			"C_PATH" : "@mosfet_hbridge.schematic1(sch_1):n84758",
			"Logical" : "N84758",
			"Physical" : null
		}
	],
	"Connection" : [
		{
			"Name" : "J10.1",
			"C_PATH" : "@mosfet_hbridge.schematic1(sch_1):ins85164@connector.\\con1.normal\\(chips):\\1\\",
			"Logical" : "N84719",
			"Physical" : null
		},
		{
			"Name" : "J11.1",
			"C_PATH" : "@mosfet_hbridge.schematic1(sch_1):ins85198@connector.\\con1.normal\\(chips):\\1\\",
			"Logical" : "N84758",
			"Physical" : null
		},
		{
			"Name" : "J12.1",
			"C_PATH" : "@mosfet_hbridge.schematic1(sch_1):ins85233@connector.\\con1.normal\\(chips):\\1\\",
			"Logical" : "N84692",
			"Physical" : null
		},
		{
			"Name" : "J13.1",
			"C_PATH" : "@mosfet_hbridge.schematic1(sch_1):ins85273@connector.\\con1.normal\\(chips):\\1\\",
			"Logical" : "N84635",
			"Physical" : null
		},
		{
			"Name" : "J2.1",
			"C_PATH" : "@mosfet_hbridge.schematic1(sch_1):ins55817@mosfet_hbridge.\\b_jack_6.normal\\(chips):GND",
			"Logical" : "GND",
			"Physical" : "N55695"
		},
		{
			"Name" : "J9.1",
			"C_PATH" : "@mosfet_hbridge.schematic1(sch_1):ins85094@connector.\\con1.normal\\(chips):\\1\\",
			"Logical" : "N56955",
			"Physical" : null
		},
		{
			"Name" : "PCND2.44",
			"C_PATH" : "@mosfet_hbridge.schematic1(sch_1):ins56671@mosfet_hbridge.\\pic18f57q10_17.normal\\(chips):RA1",
			"Logical" : "N84635",
			"Physical" : "N57125"
		},
		{
			"Name" : "PCND2.45",
			"C_PATH" : "@mosfet_hbridge.schematic1(sch_1):ins56671@mosfet_hbridge.\\pic18f57q10_17.normal\\(chips):RA2",
			"Logical" : "N84692",
			"Physical" : "N59715"
		},
		{
			"Name" : "PCND2.9",
			"C_PATH" : "@mosfet_hbridge.schematic1(sch_1):ins56671@mosfet_hbridge.\\pic18f57q10_17.normal\\(chips):RB2",
			"Logical" : "N84719",
			"Physical" : "N69685"
		},
		{
			"Name" : "PCND2.11",
			"C_PATH" : "@mosfet_hbridge.schematic1(sch_1):ins56671@mosfet_hbridge.\\pic18f57q10_17.normal\\(chips):RC4",
			"Logical" : "N84758",
			"Physical" : "N71369"
		},
		{
			"Name" : "PCND2.24",
			"C_PATH" : "@mosfet_hbridge.schematic1(sch_1):ins56671@mosfet_hbridge.\\pic18f57q10_17.normal\\(chips):GND3",
			"Logical" : "GND",
			"Physical" : "N55695"
		},
		{
			"Name" : "PCND2.15",
			"C_PATH" : "@mosfet_hbridge.schematic1(sch_1):ins56671@mosfet_hbridge.\\pic18f57q10_17.normal\\(chips):GND1",
			"Logical" : "GND",
			"Physical" : "N55695"
		},
		{
			"Name" : "PCND2.52",
			"C_PATH" : "@mosfet_hbridge.schematic1(sch_1):ins56671@mosfet_hbridge.\\pic18f57q10_17.normal\\(chips):GND",
			"Logical" : "GND",
			"Physical" : "N55695"
		},
		{
			"Name" : "PCND2.42",
			"C_PATH" : "@mosfet_hbridge.schematic1(sch_1):ins56671@mosfet_hbridge.\\pic18f57q10_17.normal\\(chips):GND2",
			"Logical" : "GND",
			"Physical" : "N55695"
		},
		{
			"Name" : "PCND2.33",
			"C_PATH" : "@mosfet_hbridge.schematic1(sch_1):ins56671@mosfet_hbridge.\\pic18f57q10_17.normal\\(chips):GND4",
			"Logical" : "GND",
			"Physical" : "N55695"
		},
		{
			"Name" : "PCND2.56",
			"C_PATH" : "@mosfet_hbridge.schematic1(sch_1):ins56671@mosfet_hbridge.\\pic18f57q10_17.normal\\(chips):VBUS",
			"Logical" : "N55679",
			"Physical" : "N79514"
		},
		{
			"Name" : "R20.1",
			"C_PATH" : "@mosfet_hbridge.schematic1(sch_1):ins75760@discrete.\\resistor.normal\\(chips):\\1\\",
			"Logical" : "GND",
			"Physical" : "N55695"
		},
		{
			"Name" : "R21.2",
			"C_PATH" : "@mosfet_hbridge.schematic1(sch_1):ins76064@discrete.\\resistor.normal\\(chips):\\2\\",
			"Logical" : "N56955",
			"Physical" : "N76022"
		},
		{
			"Name" : "U10.2",
			"C_PATH" : "@mosfet_hbridge.schematic1(sch_1):ins72840@mosfet_hbridge.\\mcp6004_0.normal\\(chips):\\vina-\\",
			"Logical" : "N56955",
			"Physical" : "N76022"
		},
		{
			"Name" : "U11.1",
			"C_PATH" : "@mosfet_hbridge.schematic1(sch_1):ins84595@library1.\\8pin_ribbon_cable.normal\\(chips):RA1",
			"Logical" : "N84635",
			"Physical" : null
		},
		{
			"Name" : "U11.4",
			"C_PATH" : "@mosfet_hbridge.schematic1(sch_1):ins84595@library1.\\8pin_ribbon_cable.normal\\(chips):RA2",
			"Logical" : "N84692",
			"Physical" : null
		},
		{
			"Name" : "U11.2",
			"C_PATH" : "@mosfet_hbridge.schematic1(sch_1):ins84595@library1.\\8pin_ribbon_cable.normal\\(chips):RB2",
			"Logical" : "N84719",
			"Physical" : null
		},
		{
			"Name" : "U11.3",
			"C_PATH" : "@mosfet_hbridge.schematic1(sch_1):ins84595@library1.\\8pin_ribbon_cable.normal\\(chips):RC4",
			"Logical" : "N84758",
			"Physical" : null
		},
		{
			"Name" : "U8.2",
			"C_PATH" : "@mosfet_hbridge.schematic1(sch_1):ins55629@mosfet_hbridge.\\vr_ls_11.normal\\(chips):GND",
			"Logical" : "GND",
			"Physical" : "N55695"
		}
	]
}
